score,Count
1,335243
2,42336
0,38516
3,22790
4,12890
5,12186
6,10056
7,8457
8,7220
9,6167
10,5485
1,5433
11,4827
12,4296
13,3845
14,3578
15,3240
16,3046
17,2734
18,2626
19,2427
20,2221
21,2133
22,2001
23,1854
24,1730
25,1622
26,1524
27,1459
28,1441
29,1364
30,1250
32,1130
31,1112
33,1043
34,1033
35,1021
36,1013
37,932
40,860
38,859
39,816
41,804
43,779
0,760
42,757
45,736
44,691
46,642
48,633
47,628
49,606
51,584
2,569
50,554
55,538
54,535
52,530
53,530
56,503
58,468
57,460
59,450
62,447
61,440
60,428
65,413
68,391
63,387
64,374
67,371
69,370
66,365
71,334
70,330
75,323
72,323
73,315
76,314
77,311
79,295
78,294
3,294
74,287
81,267
82,258
87,255
80,251
89,250
85,246
84,244
83,241
88,239
94,232
93,226
86,226
92,215
95,212
96,210
90,205
91,199
97,197
101,195
102,190
99,184
98,183
104,180
108,180
113,178
4,177
111,174
106,172
107,171
5,171
116,170
105,167
103,167
110,166
117,165
100,159
109,158
114,155
112,154
6,147
120,142
115,141
123,140
125,140
130,135
122,134
129,133
119,132
135,130
121,130
124,130
127,128
128,127
118,127
132,125
7,124
133,123
131,121
140,119
139,118
137,118
151,117
134,117
147,113
149,113
144,109
136,108
145,106
142,103
138,102
8,101
150,101
126,100
162,99
148,99
141,99
154,97
152,96
169,95
156,95
155,94
166,92
143,92
163,90
153,89
167,89
161,88
165,87
9,86
170,86
168,86
159,85
174,84
158,84
179,82
160,81
164,80
146,80
11,79
186,78
181,77
171,76
10,75
176,75
183,73
184,72
173,72
188,70
195,70
172,68
177,68
214,68
205,67
14,67
178,66
201,66
175,65
180,65
226,63
189,62
199,62
157,62
16,61
185,61
219,60
198,60
12,60
192,59
203,58
191,58
197,58
182,58
222,57
233,57
207,56
202,56
230,56
211,55
193,55
213,54
216,54
221,53
187,53
194,53
236,53
196,53
200,52
239,52
244,52
241,51
217,51
209,51
218,51
220,51
280,50
269,50
227,50
204,49
238,49
206,49
234,49
215,48
15,48
235,48
243,47
210,47
13,46
225,46
190,46
276,45
223,45
289,45
212,45
252,45
274,45
17,45
256,44
292,44
245,44
278,43
261,43
253,43
228,43
268,42
267,42
250,42
271,41
208,41
275,41
246,41
20,40
283,40
237,40
231,40
296,40
263,39
264,39
242,39
326,39
259,39
249,38
224,38
303,38
281,38
284,37
273,37
298,37
248,37
260,37
247,37
258,37
229,37
312,36
254,36
311,36
19,36
297,36
251,35
337,35
232,35
257,35
270,34
272,34
240,34
265,33
18,33
285,33
279,32
291,32
295,32
308,32
330,31
277,31
313,31
301,30
320,30
294,30
321,30
304,30
255,29
23,29
300,29
302,29
331,29
262,29
288,29
374,28
355,28
21,28
332,28
352,28
266,28
282,28
24,27
361,27
347,27
309,27
335,27
408,27
350,26
342,26
287,26
307,26
340,26
27,26
22,26
445,26
318,26
315,26
365,26
338,25
306,25
376,25
343,25
31,25
367,25
423,25
354,25
325,25
319,25
373,24
333,24
25,24
345,24
29,24
305,24
420,24
369,24
323,24
371,24
424,24
407,24
26,24
379,23
32,23
360,23
382,23
329,23
336,23
286,23
349,23
322,23
353,23
381,23
324,23
446,23
375,22
417,22
348,22
370,22
393,22
389,22
327,22
339,22
383,22
346,22
421,22
358,22
390,22
368,22
351,22
293,22
310,22
328,21
334,21
356,21
28,21
317,21
402,21
364,21
290,21
406,21
344,21
463,21
395,20
385,20
413,20
436,20
431,20
405,20
429,20
314,20
451,20
453,20
394,20
448,20
30,20
316,20
35,19
428,19
299,19
400,19
415,19
357,19
433,19
384,19
491,19
372,19
418,19
467,18
443,18
36,18
363,18
515,18
560,18
398,18
362,18
341,18
409,18
427,18
502,18
377,18
386,18
492,17
437,17
38,17
387,17
596,17
526,17
456,17
450,17
461,17
483,17
378,17
41,17
419,17
465,17
430,17
513,17
392,17
34,16
487,16
530,16
404,16
488,16
397,16
391,16
422,16
484,16
474,16
434,16
401,16
412,16
486,16
485,16
388,16
447,16
439,16
425,16
519,15
396,15
414,15
48,15
455,15
499,15
359,15
533,15
37,15
44,15
497,15
444,15
627,15
468,15
403,15
588,14
43,14
42,14
545,14
584,14
579,14
494,14
432,14
479,14
449,14
503,14
481,14
399,14
517,14
52,14
645,14
535,14
366,14
33,14
472,14
607,14
58,14
458,14
416,13
45,13
542,13
464,13
501,13
625,13
438,13
476,13
480,13
74,13
54,13
66,13
471,13
440,13
508,13
621,13
452,13
47,13
523,13
572,13
426,13
536,13
568,13
701,13
529,13
585,13
514,13
582,12
581,12
532,12
462,12
520,12
670,12
629,12
380,12
844,12
457,12
504,12
477,12
40,12
411,12
63,12
473,12
459,12
651,12
493,12
602,12
524,12
64,12
570,11
692,11
505,11
839,11
512,11
528,11
557,11
626,11
587,11
798,11
631,11
702,11
781,11
677,11
724,11
624,11
537,11
46,11
534,11
435,11
65,11
603,11
544,11
478,11
583,11
589,11
510,11
518,11
689,10
561,10
527,10
460,10
551,10
802,10
605,10
613,10
567,10
693,10
553,10
541,10
546,10
806,10
611,10
864,10
51,10
55,10
39,10
707,10
593,10
521,10
552,10
659,10
466,10
516,10
96,10
500,10
759,10
653,10
69,10
543,10
697,10
59,10
737,10
636,10
498,10
577,10
623,10
548,10
522,10
912,10
53,10
614,10
742,10
442,10
664,10
640,10
410,10
811,10
470,9
60,9
609,9
57,9
604,9
649,9
79,9
657,9
489,9
590,9
699,9
562,9
652,9
706,9
639,9
608,9
662,9
469,9
632,9
538,9
580,9
564,9
783,9
728,9
550,9
714,9
943,9
630,9
831,9
650,9
961,9
554,9
571,9
862,9
574,9
482,9
733,9
872,9
612,9
900,9
616,9
856,9
622,9
511,9
663,9
592,9
591,9
647,8
735,8
600,8
496,8
586,8
955,8
454,8
690,8
752,8
615,8
982,8
695,8
826,8
569,8
50,8
680,8
148,8
578,8
73,8
684,8
800,8
648,8
780,8
547,8
729,8
937,8
56,8
646,8
509,8
490,8
669,8
441,8
660,8
803,8
736,8
827,8
919,8
837,8
771,8
594,8
555,8
539,8
686,8
558,8
741,8
1128,8
507,8
671,8
740,8
575,8
881,8
682,8
821,8
934,8
67,7
642,7
727,7
675,7
818,7
94,7
70,7
666,7
907,7
525,7
698,7
892,7
739,7
75,7
83,7
1439,7
882,7
61,7
753,7
565,7
81,7
963,7
711,7
749,7
843,7
899,7
672,7
610,7
620,7
566,7
597,7
700,7
78,7
953,7
694,7
678,7
495,7
715,7
924,7
598,7
764,7
1189,7
540,7
685,7
661,7
643,7
668,7
1113,7
805,7
1111,7
1213,7
848,7
619,7
618,7
628,7
815,7
563,7
866,7
858,7
1342,7
853,7
875,7
506,7
644,7
1094,7
893,7
1044,7
95,6
708,6
718,6
77,6
774,6
573,6
908,6
139,6
930,6
743,6
734,6
676,6
1363,6
637,6
871,6
873,6
928,6
971,6
863,6
595,6
679,6
107,6
944,6
854,6
785,6
634,6
723,6
796,6
151,6
606,6
1227,6
807,6
49,6
903,6
1309,6
846,6
106,6
1346,6
877,6
765,6
705,6
927,6
828,6
911,6
980,6
108,6
789,6
475,6
131,6
965,6
1136,6
720,6
601,6
704,6
851,6
801,6
878,6
1148,6
576,6
655,6
1414,6
2380,6
773,6
712,6
125,6
842,6
667,6
920,6
1210,6
761,6
152,6
819,6
531,6
792,6
709,6
1323,6
949,6
738,6
80,6
1002,6
874,6
763,6
1127,6
1015,6
906,5
105,5
1024,5
1132,5
1233,5
1681,5
991,5
164,5
832,5
847,5
1086,5
559,5
85,5
1047,5
696,5
880,5
793,5
948,5
88,5
658,5
641,5
138,5
638,5
1067,5
1221,5
897,5
703,5
2278,5
1493,5
769,5
1948,5
754,5
905,5
118,5
1351,5
918,5
1371,5
665,5
1617,5
823,5
835,5
810,5
1118,5
845,5
91,5
1515,5
984,5
767,5
983,5
76,5
822,5
654,5
1383,5
910,5
1245,5
1096,5
1194,5
730,5
1497,5
748,5
836,5
716,5
84,5
1687,5
840,5
72,5
1122,5
1088,5
799,5
757,5
1570,5
1496,5
962,5
1130,5
1518,5
556,5
922,5
747,5
1281,5
687,5
904,5
1545,5
794,5
779,5
751,5
717,5
745,5
1748,5
786,5
674,5
1050,4
841,4
894,4
1260,4
1361,4
1955,4
1097,4
1255,4
1043,4
1071,4
1782,4
4234,4
1057,4
113,4
1426,4
744,4
1258,4
1372,4
1390,4
688,4
1001,4
1038,4
1365,4
1447,4
936,4
1019,4
1555,4
82,4
1284,4
1453,4
100,4
970,4
1087,4
825,4
1680,4
1287,4
1775,4
750,4
812,4
2555,4
2437,4
142,4
992,4
1732,4
721,4
1442,4
1003,4
1064,4
760,4
1027,4
1108,4
1294,4
987,4
1394,4
1362,4
1069,4
1246,4
1327,4
192,4
1396,4
1826,4
1486,4
2175,4
947,4
1124,4
1452,4
1682,4
1339,4
633,4
1356,4
784,4
879,4
1014,4
1884,4
816,4
1028,4
1084,4
2170,4
1249,4
1230,4
1207,4
1600,4
945,4
1046,4
1129,4
1761,4
2245,4
770,4
1107,4
2275,4
820,4
1155,4
868,4
883,4
1715,4
817,4
1062,4
1603,4
1846,4
938,4
1432,4
673,4
1070,4
1357,4
876,4
1838,4
86,4
758,4
1596,4
1184,4
1913,4
1580,4
957,4
175,4
1011,4
124,4
790,4
1025,4
782,4
850,4
1229,4
1656,4
68,4
90,4
814,4
89,4
2189,4
1507,4
1322,4
939,4
719,4
1271,4
824,4
1972,4
1095,4
1727,4
1299,4
1031,4
2425,4
1632,4
725,4
1608,4
1048,4
1119,4
833,4
1089,4
1494,4
1203,4
1304,4
617,4
123,4
1039,4
154,4
1056,4
1208,4
1149,4
1232,4
909,4
2098,4
1104,4
1658,4
121,4
1091,4
188,4
775,4
988,4
110,4
599,4
1900,4
978,4
168,4
1286,4
1370,4
1499,4
1216,4
1837,4
732,4
1709,4
1171,4
914,4
1034,4
1292,4
1156,4
87,4
859,4
1054,4
834,4
1325,4
1147,4
2146,3
5102,3
1908,3
1541,3
1769,3
1668,3
1585,3
1547,3
926,3
891,3
5739,3
4003,3
4429,3
2916,3
1483,3
8877,3
1179,3
1237,3
1800,3
681,3
2344,3
183,3
1215,3
1382,3
1138,3
2003,3
777,3
2332,3
942,3
1704,3
1310,3
2224,3
3668,3
1120,3
941,3
1650,3
913,3
1653,3
1823,3
1008,3
1472,3
1131,3
1354,3
1077,3
791,3
1479,3
916,3
2031,3
1018,3
1419,3
813,3
768,3
867,3
1369,3
2078,3
1236,3
857,3
1986,3
1995,3
1890,3
1415,3
1615,3
766,3
2194,3
1195,3
1477,3
3467,3
2424,3
635,3
1622,3
972,3
1514,3
2081,3
1852,3
993,3
1675,3
804,3
1602,3
966,3
946,3
3217,3
496,3
193,3
2450,3
1847,3
196,3
255,3
731,3
956,3
762,3
3589,3
1109,3
266,3
128,3
170,3
932,3
102,3
223,3
3519,3
1181,3
1677,3
206,3
2297,3
187,3
1420,3
1437,3
1619,3
112,3
1023,3
1685,3
933,3
134,3
103,3
2576,3
1112,3
119,3
2475,3
981,3
214,3
1151,3
1345,3
1338,3
2124,3
1037,3
1042,3
2989,3
62,3
973,3
144,3
2794,3
1511,3
1662,3
116,3
3961,3
71,3
130,3
1225,3
951,3
1536,3
1979,3
755,3
1036,3
98,3
93,3
350,3
92,3
156,3
242,3
1063,3
137,3
126,3
1730,3
1175,3
268,3
2018,3
361,3
969,3
345,3
1711,3
1209,3
1588,3
4407,3
101,3
1150,3
1689,3
1898,3
1157,3
896,3
1753,3
1759,3
1009,3
2222,3
3157,3
2174,3
1141,3
1116,3
1082,3
1300,3
2861,3
1707,3
1273,3
1839,3
3684,3
1185,3
2417,3
2111,3
1556,3
1006,3
1659,3
1723,3
2314,3
2738,3
1032,3
1790,3
1308,3
1601,3
1307,3
1296,3
3770,3
3676,3
1422,3
2345,3
1416,3
1523,3
1726,3
549,3
2391,3
713,3
1765,3
1188,3
1636,3
1235,3
1484,3
1277,3
1282,3
1364,3
1891,3
2503,3
989,3
1934,3
809,3
1164,3
901,3
999,3
1481,3
1860,3
889,3
4488,3
1635,3
3173,3
1045,3
3127,3
852,3
1574,3
2643,3
1612,3
979,3
915,3
1951,3
1720,3
1101,3
2500,3
1220,3
2513,3
1314,3
726,3
1022,3
2240,3
1613,3
2771,3
6760,3
1430,3
997,3
1073,3
1060,3
1916,3
1495,3
1126,3
1135,3
1501,3
1192,3
2266,3
1098,3
2216,3
1660,3
1490,3
870,3
1290,3
1583,3
1072,3
2902,3
1640,3
2307,3
1598,3
3363,3
1459,3
1869,3
2405,3
1280,3
2107,3
923,3
2898,3
1152,3
1718,3
1652,3
756,3
2394,3
2421,3
1786,3
3480,3
3013,3
1065,3
1321,3
2055,3
958,3
1121,3
2176,3
1822,3
1801,3
2630,3
995,3
1933,3
861,3
2435,3
1470,3
3000,3
1319,3
1566,3
1222,3
895,3
2356,3
968,3
886,3
1388,3
1302,3
2342,3
4489,3
1537,3
2074,3
788,3
2960,3
1289,3
1146,3
1020,3
2852,3
1336,3
1160,3
1297,3
1811,3
975,3
1500,3
1861,2
245,2
2620,2
2460,2
4349,2
2315,2
5696,2
1090,2
1026,2
1312,2
2881,2
4761,2
140,2
1554,2
1540,2
2548,2
1449,2
1552,2
1223,2
3353,2
3044,2
2498,2
2919,2
3290,2
2430,2
2780,2
321,2
1274,2
307,2
2439,2
2505,2
1348,2
2256,2
1266,2
1252,2
3685,2
1458,2
3133,2
3395,2
1498,2
311,2
1805,2
1182,2
1016,2
1508,2
2591,2
2534,2
1176,2
1647,2
1813,2
2773,2
2028,2
1248,2
1055,2
4397,2
954,2
2120,2
1589,2
5489,2
1778,2
3469,2
1880,2
4764,2
1035,2
5472,2
1696,2
1746,2
2714,2
2324,2
1380,2
3211,2
1606,2
2464,2
2484,2
1531,2
3741,2
159,2
1564,2
1528,2
3448,2
4314,2
3410,2
985,2
2005,2
184,2
609,2
2353,2
2187,2
1326,2
1234,2
1400,2
1828,2
328,2
2420,2
1000,2
1427,2
204,2
2024,2
4508,2
3429,2
2656,2
1543,2
1177,2
4913,2
4129,2
1168,2
2434,2
710,2
1212,2
1873,2
1244,2
1303,2
3503,2
97,2
4712,2
2231,2
1398,2
2374,2
1539,2
1269,2
722,2
3664,2
1199,2
1633,2
9084,2
1411,2
6832,2
1690,2
2697,2
1144,2
166,2
3722,2
2238,2
1712,2
1389,2
2264,2
683,2
3775,2
2140,2
6493,2
1463,2
4971,2
172,2
4001,2
1017,2
143,2
1774,2
161,2
3190,2
3784,2
1139,2
1912,2
1391,2
2614,2
576,2
7958,2
1106,2
1787,2
1694,2
2375,2
2905,2
2455,2
149,2
3257,2
4152,2
2845,2
3052,2
1888,2
162,2
1375,2
1789,2
976,2
3727,2
271,2
4827,2
244,2
145,2
2778,2
967,2
4171,2
3329,2
1059,2
1292,2
4889,2
3615,2
4551,2
1005,2
2234,2
1214,2
8292,2
2257,2
3713,2
3079,2
2522,2
141,2
3291,2
251,2
2880,2
2520,2
3234,2
216,2
3710,2
2765,2
1834,2
3305,2
2708,2
2006,2
2132,2
2567,2
4172,2
3723,2
1163,2
1358,2
1713,2
2616,2
5511,2
2335,2
1202,2
3997,2
1899,2
1482,2
1193,2
2233,2
3201,2
14040,2
1344,2
3020,2
2859,2
990,2
4596,2
5558,2
1887,2
1994,2
7432,2
2323,2
1643,2
9666,2
1469,2
1768,2
994,2
1166,2
8169,2
746,2
1978,2
2660,2
475,2
2653,2
14516,2
3364,2
2792,2
4082,2
1243,2
1368,2
1754,2
2785,2
1743,2
925,2
1408,2
1242,2
2262,2
1760,2
2013,2
1897,2
6293,2
1329,2
3463,2
1710,2
1446,2
2740,2
1729,2
3086,2
2086,2
2842,2
1957,2
4373,2
1183,2
1740,2
1450,2
1722,2
1529,2
1328,2
1815,2
13722,2
2011,2
1226,2
1693,2
3340,2
163,2
1085,2
1359,2
256,2
1724,2
1695,2
3473,2
3023,2
1792,2
1379,2
3459,2
1752,2
2447,2
656,2
1173,2
2105,2
2820,2
11238,2
890,2
9915,2
3029,2
1997,2
2754,2
1443,2
674,2
3934,2
2102,2
1010,2
1100,2
1674,2
1080,2
10594,2
1928,2
1217,2
1791,2
1218,2
1858,2
3751,2
3911,2
2854,2
4906,2
1448,2
1306,2
1293,2
2800,2
2325,2
2260,2
855,2
1621,2
1762,2
4018,2
1013,2
1896,2
2612,2
1464,2
2093,2
2556,2
2310,2
998,2
153,2
1186,2
4168,2
1510,2
344,2
6198,2
1264,2
2974,2
1758,2
4400,2
1817,2
1544,2
2149,2
2337,2
287,2
1114,2
2838,2
2250,2
3068,2
2085,2
2934,2
1161,2
189,2
272,2
1594,2
2004,2
2110,2
2528,2
2163,2
1435,2
884,2
2819,2
1708,2
1381,2
4627,2
1648,2
3939,2
231,2
2268,2
2376,2
2828,2
8622,2
1954,2
114,2
622,2
6867,2
1238,2
203,2
2599,2
2961,2
2389,2
3840,2
1058,2
838,2
312,2
1519,2
6093,2
649,2
1773,2
1517,2
2529,2
2582,2
6174,2
2562,2
2532,2
235,2
2044,2
282,2
3182,2
558,2
3071,2
2715,2
3462,2
1735,2
2232,2
2741,2
1316,2
829,2
226,2
1441,2
3017,2
1569,2
2208,2
3560,2
5716,2
1283,2
2833,2
254,2
1174,2
2351,2
1849,2
1440,2
173,2
2218,2
920,2
1291,2
2274,2
1965,2
2112,2
218,2
3007,2
453,2
5168,2
1557,2
1461,2
772,2
2220,2
2393,2
3055,2
1178,2
6824,2
1664,2
4541,2
3919,2
2217,2
1865,2
4211,2
1859,2
13028,2
160,2
2072,2
1115,2
1392,2
2579,2
346,2
4904,2
2169,2
1410,2
2282,2
1642,2
1099,2
1373,2
1830,2
3501,2
2331,2
20534,2
1806,2
4740,2
1506,2
3287,2
1597,2
3573,2
3846,2
2461,2
7628,2
1551,2
1935,2
1030,2
7708,2
439,2
1142,2
1451,2
4084,2
5750,2
437,2
4238,2
1627,2
11301,2
1456,2
1341,2
778,2
1110,2
1745,2
1945,2
4780,2
1741,2
400,2
1206,2
1794,2
1278,2
197,2
1532,2
2204,2
6637,2
3767,2
2637,2
2442,2
3232,2
1205,2
2355,2
1275,2
8567,2
2128,2
2680,2
177,2
1340,2
1343,2
1075,2
4246,2
1520,2
2099,2
1595,2
1744,2
1158,2
2201,2
217,2
1990,2
1021,2
797,2
1985,2
4989,2
117,2
132,2
1513,2
109,2
8481,2
1061,2
1137,2
2767,2
1645,2
169,2
155,2
2476,2
1882,2
1654,2
3801,2
4053,2
1455,2
1049,2
1542,2
4340,2
1571,2
2303,2
1562,2
194,2
883,2
1078,2
1661,2
1409,2
3319,2
1145,2
1335,2
240,2
1623,2
4382,2
305,2
277,2
1946,2
1350,2
500,2
4757,2
1980,2
1074,2
1412,2
3845,2
2343,2
4151,2
1855,2
2784,2
1845,2
115,2
3703,2
1618,2
1397,2
129,2
3635,2
959,2
1572,2
303,2
3318,2
1324,2
2136,2
198,2
158,2
898,2
1433,2
2402,2
888,2
230,2
964,2
2471,2
326,2
1999,2
1053,2
1530,2
4650,2
3125,2
1814,2
2829,2
2372,2
4174,2
4869,2
250,2
4430,2
6228,2
1041,2
4357,2
1352,2
1783,2
2584,2
593,2
993,2
2580,2
960,2
849,2
5554,1
25488,1
6573,1
6659,1
2937,1
9044,1
5417,1
3847,1
22749,1
10088,1
8729,1
3423,1
2153,1
7181,1
1918,1
4459,1
4883,1
3763,1
4645,1
229,1
672,1
239,1
407,1
839,1
191,1
8190,1
1553,1
643,1
1290,1
3326,1
209,1
334,1
971,1
491,1
28132,1
625,1
286,1
8053,1
1651,1
574,1
1739,1
692,1
365,1
657,1
1702,1
25630,1
5023,1
46100,1
5240,1
1429,1
1993,1
3147,1
2927,1
7458,1
1134,1
3226,1
13484,1
8068,1
16894,1
2823,1
1317,1
2749,1
13803,1
6770,1
2799,1
3689,1
432,1
1285,1
5850,1
2921,1
66895,1
2162,1
13486,1
2160,1
16302,1
6021,1
9134,1
56313,1
10256,1
1639,1
38860,1
18528,1
4016,1
1102,1
13800,1
6281,1
8920,1
11716,1
2911,1
31986,1
3857,1
314,1
671,1
1498,1
199,1
640,1
359,1
300,1
2492,1
357,1
498,1
572,1
12317,1
445,1
1536,1
444,1
195,1
280,1
2507,1
467,1
1888,1
249,1
583,1
404,1
9869,1
227,1
428,1
744,1
338,1
6919,1
866,1
3443,1
409,1
13984,1
451,1
3429,1
1907,1
1205,1
386,1
2026,1
472,1
635,1
2029,1
1320,1
147,1
2846,1
480,1
588,1
2859,1
382,1
127,1
304,1
543,1
427,1
2102,1
495,1
122,1
375,1
3908,1
1562,1
238,1
1169,1
377,1
133,1
748,1
544,1
397,1
323,1
714,1
493,1
270,1
4433,1
215,1
369,1
856,1
2037,1
2402,1
2509,1
765,1
167,1
385,1
347,1
701,1
104965,1
780,1
767,1
11639,1
13981,1
638,1
4867,1
135,1
896,1
710,1
1050,1
370,1
488,1
3189,1
5388,1
3693,1
4498,1
929,1
136,1
237,1
130766,1
1253,1
607,1
835,1
6191,1
1439,1
2015,1
951,1
4125,1
3757,1
79431,1
3956,1
12789,1
1604,1
3248,1
45171,1
8691,1
751,1
99,1
7963,1
4146,1
5251,1
1911,1
3524,1
952,1
6436,1
1162,1
3028,1
3586,1
10938,1
29296,1
329,1
2958,1
665,1
3154,1
309,1
731,1
2098,1
656,1
1065,1
584,1
3552,1
7833,1
1756,1
9082,1
12266,1
4104,1
3103,1
5931,1
1196,1
1489,1
3300,1
22765,1
1719,1
1684,1
24396,1
24359,1
3314,1
4514,1
1457,1
51265,1
3268,1
2761,1
10893,1
4110,1
8516,1
21833,1
57932,1
7291,1
9643,1
1231,1
8705,1
36552,1
3493,1
10449,1
10386,1
5625,1
47528,1
26578,1
6581,1
5790,1
1879,1
1064,1
9768,1
3174,1
44936,1
5858,1
2300,1
7357,1
8696,1
1549,1
54544,1
5109,1
1052,1
2851,1
6103,1
4873,1
5374,1
7035,1
11426,1
14537,1
12510,1
565,1
374,1
356,1
212,1
913,1
4058,1
443,1
448,1
336,1
403,1
2286,1
4746,1
30218,1
16541,1
1962,1
10187,1
1033,1
41429,1
11640,1
1330,1
5363,1
5586,1
776,1
4754,1
2647,1
2360,1
3006,1
3454,1
5446,1
5680,1
2143,1
1561,1
7073,1
57846,1
10620,1
364,1
221,1
165,1
29781,1
1306,1
2464,1
2113,1
207,1
211,1
412,1
378,1
918,1
185,1
678,1
527,1
5538,1
150,1
606,1
1794,1
1167,1
4803,1
367,1
806,1
598,1
734,1
950,1
1690,1
585,1
9897,1
46751,1
964,1
12037,1
1446,1
1941,1
4461,1
1567,1
348,1
1582,1
868,1
394,1
691,1
291,1
1278,1
2204,1
1406,1
420,1
12203,1
621,1
29029,1
72963,1
2075,1
16145,1
27434,1
13671,1
2020,1
4752,1
23482,1
54231,1
29947,1
15196,1
55227,1
43923,1
14933,1
3306,1
6911,1
3729,1
11939,1
14945,1
3517,1
57607,1
70648,1
2410,1
12055,1
1610,1
5950,1
3247,1
1567,1
15042,1
3316,1
17872,1
6419,1
14903,1
39344,1
10923,1
5350,1
30756,1
5714,1
11808,1
12831,1
1228,1
9523,1
4566,1
8634,1
1251,1
4687,1
15875,1
18188,1
6500,1
2423,1
7004,1
12462,1
4723,1
6126,1
14624,1
9893,1
30692,1
3839,1
25219,1
4795,1
6300,1
4369,1
2608,1
2954,1
3922,1
13450,1
2255,1
11438,1
12488,1
2103,1
7538,1
4260,1
53987,1
6598,1
40403,1
3545,1
128747,1
13148,1
5982,1
2284,1
6524,1
5087,1
11197,1
2585,1
3051,1
3380,1
2808,1
2089,1
5573,1
21892,1
4167,1
3168,1
5173,1
510,1
5746,1
1553,1
3405,1
3550,1
13589,1
18124,1
1436,1
19147,1
12721,1
34240,1
14939,1
18855,1
2756,1
2968,1
15788,1
3285,1
3089,1
3481,1
19344,1
36290,1
7574,1
5187,1
1976,1
1549,1
51306,1
8419,1
26403,1
17494,1
2246,1
21903,1
50620,1
6089,1
1404,1
3381,1
3372,1
4981,1
1311,1
1040,1
1944,1
4103,1
4924,1
25795,1
42044,1
9774,1
4702,1
2684,1
1434,1
16709,1
1733,1
7988,1
1276,1
53777,1
1491,1
4278,1
1697,1
3092,1
6469,1
10041,1
4965,1
19313,1
3766,1
4037,1
4659,1
44196,1
8242,1
1385,1
5297,1
1172,1
2049,1
5334,1
12791,1
6772,1
8599,1
5483,1
43199,1
1512,1
23070,1
2179,1
28219,1
4991,1
3633,1
10608,1
1812,1
5225,1
2545,1
3609,1
3748,1
1524,1
2119,1
1977,1
3225,1
2511,1
20840,1
5083,1
77243,1
6605,1
1074,1
1478,1
366,1
392,1
504,1
3076,1
952,1
190,1
36165,1
252,1
319,1
232,1
1112,1
202,1
1062,1
798,1
1310,1
15236,1
257,1
589,1
421,1
2237,1
3544,1
3317,1
4600,1
38874,1
3371,1
55114,1
5622,1
19067,1
9406,1
9205,1
1474,1
5939,1
3992,1
64187,1
1321,1
668,1
222,1
263,1
393,1
1155,1
457,1
963,1
120,1
568,1
178,1
1340,1
436,1
3564,1
288,1
483,1
901,1
157,1
1927,1
1265,1
596,1
405,1
617,1
284,1
528,1
180,1
339,1
104,1
3569,1
7791,1
3370,1
729,1
2690,1
171,1
11563,1
838,1
5520,1
2975,1
1000,1
213,1
532,1
1239,1
200,1
273,1
233,1
174,1
573,1
2923,1
2693,1
111,1
371,1
1952,1
506,1
331,1
301,1
2147,1
3507,1
1966,1
3118,1
4050,1
5130,1
5659,1
2165,1
3338,1
3054,1
8347,1
5436,1
71407,1
80882,1
6494,1
4862,1
3649,1
1366,1
14485,1
3644,1
1992,1
7485,1
6020,1
2603,1
2053,1
1403,1
11617,1
2019,1
14266,1
7588,1
2370,1
22885,1
69250,1
33405,1
7785,1
1958,1
4276,1
2496,1
5898,1
2957,1
1644,1
16952,1
2888,1
2396,1
2943,1
2142,1
11597,1
4838,1
48199,1
3292,1
6880,1
4277,1
46771,1
15139,1
3654,1
1788,1
3357,1
2877,1
1331,1
17360,1
32284,1
2241,1
17093,1
10115,1
1651,1
23736,1
3205,1
8771,1
1187,1
14628,1
6861,1
4837,1
26081,1
2108,1
5529,1
2280,1
9633,1
26752,1
14763,1
5914,1
6243,1
19778,1
6032,1
4393,1
9541,1
18559,1
4081,1
4391,1
20004,1
1672,1
8078,1
2777,1
1968,1
2826,1
12310,1
62137,1
3572,1
9063,1
2987,1
9027,1
6726,1
22865,1
1885,1
3347,1
2768,1
1629,1
9225,1
860,1
41242,1
5272,1
7580,1
14863,1
3690,1
42423,1
1939,1
34375,1
5911,1
1984,1
10728,1
1796,1
6171,1
12910,1
4179,1
2373,1
3455,1
9725,1
2014,1
21079,1
4954,1
3107,1
39842,1
45910,1
18939,1
2209,1
4568,1
3819,1
48904,1
2026,1
2728,1
23435,1
2198,1
25279,1
5394,1
11551,1
33448,1
4118,1
42741,1
6448,1
1418,1
14271,1
2544,1
5310,1
11679,1
7484,1
4292,1
13226,1
2658,1
12947,1
6096,1
6688,1
8775,1
9670,1
1004,1
9508,1
22993,1
6001,1
2339,1
3652,1
4868,1
4209,1
65049,1
3584,1
34663,1
1211,1
20182,1
8321,1
7527,1
902,1
44575,1
11491,1
59153,1
57047,1
4688,1
20256,1
21790,1
41439,1
8724,1
3884,1
6125,1
8031,1
1198,1
10930,1
45983,1
5896,1
22776,1
3195,1
1892,1
35475,1
5699,1
25081,1
17230,1
3222,1
1714,1
45117,1
2720,1
11970,1
32744,1
7967,1
6218,1
13442,1
16174,1
4074,1
3497,1
24203,1
1153,1
4549,1
48559,1
5977,1
1799,1
18700,1
10776,1
12712,1
37849,1
2419,1
3926,1
3332,1
8134,1
8326,1
24955,1
3642,1
8785,1
10221,1
4086,1
30221,1
3868,1
28960,1
2790,1
3965,1
5075,1
1605,1
8875,1
4191,1
3032,1
26714,1
38755,1
150816,1
4271,1
53146,1
4531,1
3602,1
6681,1
2184,1
8879,1
8500,1
2631,1
9070,1
7888,1
8760,1
38460,1
3244,1
38695,1
21591,1
19695,1
23581,1
52196,1
4158,1
56150,1
19751,1
8194,1
5452,1
1871,1
151210,1
2383,1
2501,1
7861,1
2879,1
14317,1
12905,1
2445,1
5293,1
17789,1
20430,1
2281,1
16768,1
2996,1
11229,1
1940,1
7503,1
23779,1
4625,1
86091,1
21231,1
18103,1
12085,1
71508,1
7415,1
55486,1
3658,1
40668,1
50016,1
12220,1
3522,1
19992,1
18797,1
78278,1
4042,1
1929,1
27242,1
3440,1
16345,1
56077,1
5993,1
2970,1
1881,1
2448,1
12381,1
5051,1
11311,1
3197,1
3726,1
1893,1
3897,1
13105,1
13146,1
6462,1
5200,1
41827,1
3816,1
83363,1
4106,1
36370,1
1550,1
3749,1
4592,1
9753,1
4394,1
13533,1
4019,1
53169,1
2221,1
3792,1
32501,1
11409,1
2126,1
3436,1
3774,1
917,1
2030,1
4147,1
28590,1
4262,1
2171,1
3826,1
1646,1
5802,1
30625,1
19665,1
4884,1
40155,1
28558,1
33366,1
34606,1
1655,1
1521,1
1431,1
81610,1
7906,1
2812,1
2638,1
7259,1
4096,1
29143,1
5222,1
3877,1
2062,1
4303,1
8990,1
6759,1
27126,1
12731,1
1402,1
5455,1
29254,1
23097,1
6511,1
3156,1
8513,1
4480,1
11133,1
2732,1
11718,1
48165,1
5915,1
16994,1
14423,1
49794,1
42916,1
2076,1
44188,1
929,1
7370,1
11851,1
2317,1
23570,1
5076,1
44732,1
4994,1
3789,1
13271,1
7935,1
4374,1
7819,1
6777,1
21267,1
3971,1
15483,1
9159,1
8527,1
28963,1
3554,1
4089,1
4381,1
2776,1
22449,1
7309,1
3075,1
1068,1
37772,1
4178,1
14259,1
2088,1
33490,1
1576,1
2113,1
48338,1
20933,1
29337,1
4749,1
1835,1
13597,1
2159,1
8517,1
3923,1
19531,1
2594,1
8728,1
3583,1
29166,1
31033,1
6110,1
6207,1
8122,1
2479,1
45730,1
27701,1
7500,1
7789,1
4444,1
35588,1
4143,1
9516,1
4433,1
9112,1
10373,1
5701,1
30691,1
3352,1
12003,1
18835,1
9518,1
1180,1
4217,1
2121,1
3706,1
2841,1
1763,1
2967,1
5604,1
2774,1
8727,1
39782,1
12727,1
1298,1
58819,1
3200,1
10604,1
32642,1
9314,1
2192,1
4445,1
3728,1
19569,1
10688,1
4728,1
2042,1
7319,1
9989,1
18584,1
7946,1
2798,1
38149,1
51685,1
67350,1
4697,1
13483,1
9168,1
3323,1
5146,1
7626,1
1666,1
2822,1
4955,1
10388,1
31016,1
9009,1
16534,1
4919,1
1874,1
69921,1
4717,1
1747,1
2403,1
5500,1
52938,1
1996,1
2213,1
3805,1
6188,1
2446,1
2723,1
62016,1
2966,1
60323,1
1851,1
7126,1
21681,1
2673,1
9093,1
2929,1
3425,1
6261,1
3348,1
44485,1
6827,1
2094,1
3973,1
50771,1
34908,1
4811,1
7075,1
1548,1
10321,1
31579,1
4607,1
27225,1
4182,1
2581,1
33606,1
82306,1
3641,1
4028,1
13571,1
2472,1
2587,1
22044,1
37669,1
2458,1
4511,1
48592,1
4120,1
8973,1
8825,1
2091,1
23249,1
4295,1
16344,1
3111,1
6928,1
1959,1
4115,1
9770,1
6313,1
8528,1
71358,1
18041,1
3368,1
2340,1
3610,1
5117,1
4516,1
1575,1
2542,1
4121,1
8395,1
34408,1
3061,1
3735,1
17799,1
4974,1
5551,1
13068,1
2007,1
34257,1
40329,1
3090,1
8333,1
3212,1
34720,1
2679,1
5955,1
1772,1
9086,1
1140,1
53045,1
7095,1
9366,1
14039,1
2578,1
39724,1
2889,1
2654,1
42296,1
3335,1
5175,1
15638,1
11341,1
16972,1
10358,1
10428,1
16734,1
1923,1
7808,1
71447,1
7333,1
2480,1
5155,1
6162,1
3296,1
3224,1
2568,1
14462,1
18084,1
40722,1
3559,1
6349,1
43303,1
2737,1
3959,1
20898,1
12093,1
40276,1
2059,1
9379,1
62427,1
7386,1
20956,1
15869,1
2993,1
4305,1
940,1
2191,1
55912,1
4054,1
4779,1
10434,1
2890,1
8777,1
3757,1
26411,1
25899,1
4248,1
2564,1
4156,1
25306,1
1795,1
20658,1
12231,1
21963,1
3026,1
67045,1
2707,1
4602,1
14394,1
11262,1
12794,1
2791,1
1133,1
8225,1
23496,1
9425,1
5204,1
3802,1
7079,1
34513,1
25810,1
17913,1
25987,1
7177,1
29287,1
28511,1
2422,1
2832,1
17121,1
22200,1
8471,1
3041,1
2878,1
12234,1
53239,1
2986,1
5726,1
3030,1
3273,1
1438,1
43318,1
8594,1
6003,1
5005,1
11731,1
24388,1
4840,1
5439,1
2230,1
15335,1
48552,1
2549,1
4190,1
78704,1
2693,1
4048,1
2645,1
8487,1
19116,1
3271,1
6347,1
3787,1
89025,1
2296,1
3116,1
15010,1
18512,1
3294,1
9344,1
1757,1
9706,1
11150,1
6728,1
1384,1
13522,1
9367,1
3980,1
7093,1
7454,1
71920,1
1268,1
16249,1
9100,1
12692,1
4540,1
14511,1
3419,1
87354,1
3466,1
2769,1
2487,1
41739,1
78320,1
3721,1
21698,1
16493,1
65033,1
14075,1
2366,1
2359,1
1818,1
5581,1
9113,1
8560,1
37273,1
2910,1
3114,1
47071,1
31656,1
3056,1
7821,1
4094,1
4874,1
2746,1
1105,1
5774,1
2358,1
34683,1
44436,1
11244,1
6465,1
40143,1
6550,1
14507,1
23988,1
28643,1
8010,1
5522,1
8982,1
5198,1
2742,1
2657,1
950,1
3490,1
3034,1
8505,1
2543,1
7038,1
14532,1
3717,1
34092,1
1886,1
66254,1
2610,1
2237,1
40015,1
4836,1
6128,1
35428,1
44540,1
30708,1
37297,1
3021,1
23839,1
8713,1
35777,1
16880,1
3245,1
5369,1
2646,1
5316,1
73500,1
3942,1
6273,1
1301,1
4264,1
5142,1
13807,1
1579,1
78401,1
73568,1
5403,1
19331,1
9418,1
2704,1
117496,1
4806,1
35365,1
2151,1
3336,1
7528,1
3307,1
9392,1
2158,1
1975,1
5800,1
1938,1
3187,1
45631,1
10612,1
17569,1
9664,1
5538,1
2868,1
5255,1
2975,1
6343,1
6170,1
931,1
2249,1
11226,1
3954,1
29479,1
16034,1
7693,1
40785,1
2563,1
37900,1
14508,1
5064,1
3578,1
7710,1
2547,1
4088,1
46335,1
3521,1
5164,1
68682,1
5688,1
12311,1
5319,1
2558,1
13898,1
4196,1
7153,1
16870,1
1932,1
1578,1
6852,1
1201,1
5953,1
4192,1
2592,1
1982,1
39245,1
44122,1
5508,1
6013,1
1272,1
14708,1
8476,1
2048,1
1793,1
46237,1
17670,1
4286,1
2397,1
27924,1
133300,1
4411,1
57322,1
51114,1
10405,1
2474,1
2936,1
4969,1
5734,1
4360,1
1360,1
25549,1
9339,1
10565,1
1565,1
2665,1
5404,1
7360,1
1803,1
2676,1
4778,1
1781,1
47084,1
1485,1
10348,1
2652,1
8038,1
4338,1
2981,1
76924,1
2051,1
7144,1
41035,1
17391,1
16833,1
57062,1
3527,1
3932,1
1717,1
3705,1
1355,1
5785,1
3130,1
2145,1
7379,1
5766,1
3639,1
3367,1
3488,1
7993,1
2691,1
3538,1
11258,1
41034,1
7456,1
3049,1
3406,1
2515,1
2135,1
22076,1
3389,1
2915,1
14050,1
6782,1
14623,1
2894,1
10562,1
16416,1
3725,1
6177,1
2336,1
15019,1
1716,1
22914,1
37765,1
56662,1
2922,1
7380,1
8468,1
1766,1
4805,1
12554,1
12342,1
2795,1
18840,1
37649,1
28538,1
2289,1
23767,1
40771,1
3677,1
32020,1
6883,1
2586,1
1332,1
12787,1
34177,1
5429,1
4436,1
1667,1
43637,1
14627,1
2797,1
26257,1
8196,1
2751,1
10736,1
39330,1
44565,1
5445,1
9814,1
3358,1
6304,1
11563,1
4160,1
4563,1
12965,1
13968,1
6348,1
15144,1
7080,1
14893,1
4897,1
3678,1
2058,1
6169,1
8515,1
25025,1
2626,1
2068,1
1154,1
6719,1
8033,1
2535,1
8530,1
12630,1
3475,1
4519,1
79032,1
4418,1
5518,1
2182,1
3566,1
1262,1
32352,1
4575,1
42869,1
921,1
7945,1
3439,1
16030,1
15418,1
30694,1
24469,1
10527,1
21841,1
22058,1
3632,1
2492,1
15271,1
58850,1
16667,1
37403,1
4378,1
23019,1
34506,1
21718,1
4635,1
1568,1
3048,1
15291,1
2178,1
19752,1
5353,1
4641,1
2912,1
4270,1
18925,1
15534,1
7979,1
5457,1
3132,1
2309,1
1701,1
4100,1
18321,1
2783,1
8740,1
3414,1
2935,1
13622,1
2743,1
1819,1
7241,1
9924,1
3031,1
2938,1
10278,1
5857,1
36904,1
1692,1
3696,1
2225,1
8117,1
1093,1
15079,1
8929,1
40103,1
2705,1
36508,1
14430,1
4431,1
16627,1
7037,1
15284,1
4794,1
2655,1
19996,1
2685,1
10170,1
2964,1
10484,1
23578,1
6798,1
22442,1
5559,1
4848,1
2029,1
4067,1
3711,1
1902,1
5617,1
3411,1
20174,1
7678,1
21876,1
7140,1
29065,1
22198,1
2063,1
15937,1
3366,1
2985,1
8862,1
2540,1
3181,1
4252,1
4377,1
4333,1
10247,1
9064,1
2604,1
23113,1
89575,1
6527,1
3468,1
11320,1
3596,1
4468,1
30732,1
9565,1
1347,1
72990,1
3858,1
9689,1
3700,1
6499,1
15743,1
4803,1
3144,1
5380,1
4978,1
4414,1
4612,1
3377,1
27347,1
1671,1
2971,1
18529,1
11558,1
4362,1
2071,1
25976,1
3461,1
7021,1
52512,1
16817,1
7978,1
45539,1
7793,1
5856,1
29021,1
15530,1
8241,1
2994,1
2365,1
2618,1
3458,1
53971,1
41846,1
10882,1
1850,1
4051,1
16568,1
9853,1
9528,1
2601,1
8857,1
8346,1
2243,1
5777,1
3229,1
7625,1
13598,1
3242,1
2388,1
3657,1
2299,1
7401,1
2235,1
18127,1
22566,1
10393,1
22292,1
134983,1
7391,1
7282,1
18270,1
3014,1
3747,1
5803,1
3447,1
2023,1
22544,1
3680,1
5799,1
69629,1
9261,1
32822,1
4503,1
19445,1
10183,1
7111,1
12751,1
9625,1
68556,1
34116,1
2379,1
8543,1
24638,1
5070,1
20345,1
19589,1
73920,1
11277,1
8461,1
35851,1
2400,1
2139,1
48238,1
3543,1
9477,1
63801,1
94859,1
16021,1
1487,1
1012,1
4603,1
691,1
2554,1
2037,1
3085,1
1558,1
15381,1
5003,1
12385,1
1963,1
26769,1
1313,1
2283,1
52290,1
4522,1
3835,1
1083,1
28481,1
1749,1
54855,1
2210,1
15159,1
4984,1
1780,1
2526,1
5495,1
6785,1
6614,1
27607,1
1081,1
4766,1
7539,1
3254,1
830,1
5818,1
1802,1
4402,1
49759,1
1123,1
3193,1
6522,1
4731,1
2667,1
5430,1
9376,1
3408,1
2032,1
14472,1
4353,1
2451,1
45636,1
12999,1
42707,1
7629,1
5978,1
6255,1
8571,1
7524,1
1159,1
8806,1
6440,1
34072,1
3460,1
2073,1
2972,1
1872,1
8249,1
3823,1
2035,1
29928,1
10455,1
32299,1
3620,1
5690,1
13899,1
17954,1
6667,1
50563,1
1265,1
5165,1
2990,1
18131,1
11291,1
3989,1
8546,1
2725,1
23553,1
1883,1
6545,1
16237,1
2254,1
2753,1
1334,1
3904,1
5715,1
11170,1
5575,1
2440,1
1473,1
67457,1
6376,1
22456,1
1705,1
25269,1
46349,1
37119,1
9946,1
5674,1
3619,1
4130,1
2701,1
2884,1
26194,1
7067,1
2744,1
6909,1
6417,1
16714,1
1920,1
3432,1
3177,1
24879,1
23937,1
17125,1
3324,1
8786,1
1737,1
3138,1
6388,1
6240,1
9143,1
2017,1
5485,1
4095,1
22254,1
1930,1
41920,1
3471,1
5180,1
3556,1
28110,1
4626,1
1829,1
2729,1
1691,1
8261,1
2199,1
2681,1
5150,1
18180,1
3278,1
5545,1
3765,1
3828,1
33567,1
13387,1
36991,1
5877,1
1868,1
9001,1
13760,1
2787,1
4615,1
3881,1
20159,1
1616,1
935,1
5504,1
13801,1
19925,1
2392,1
4902,1
6071,1
1444,1
12804,1
4288,1
5030,1
3160,1
3687,1
3283,1
31627,1
3249,1
9765,1
2467,1
10092,1
10972,1
2292,1
24313,1
12140,1
3895,1
4328,1
2415,1
1909,1
20286,1
1535,1
6758,1
5608,1
6231,1
1256,1
4010,1
4225,1
4241,1
71339,1
26853,1
3474,1
29616,1
32722,1
9660,1
2080,1
21585,1
2683,1
19452,1
4412,1
1804,1
4595,1
2857,1
1367,1
28531,1
2930,1
5873,1
1678,1
3140,1
13197,1
21568,1
2404,1
5249,1
1798,1
1103,1
12764,1
4112,1
2195,1
2082,1
17478,1
7094,1
2104,1
7926,1
4047,1
5448,1
28546,1
31235,1
5080,1
3536,1
17076,1
10006,1
2436,1
2565,1
22847,1
1649,1
4630,1
4784,1
5454,1
37313,1
56525,1
7701,1
2015,1
35621,1
14546,1
6460,1
4479,1
2036,1
3040,1
3831,1
17992,1
1919,1
6099,1
6361,1
37175,1
3769,1
6973,1
29293,1
4469,1
8613,1
3888,1
3665,1
43988,1
5669,1
7937,1
2052,1
4785,1
19938,1
7823,1
3288,1
22603,1
5392,1
63390,1
4031,1
1876,1
15944,1
1165,1
2803,1
1628,1
39612,1
6142,1
1254,1
54601,1
28545,1
1895,1
59675,1
3094,1
9254,1
6731,1
6837,1
1931,1
7910,1
787,1
16642,1
8716,1
3623,1
11447,1
4208,1
6447,1
4310,1
1611,1
12483,1
5607,1
62615,1
80847,1
47888,1
4782,1
1386,1
6556,1
39883,1
2154,1
10079,1
54374,1
3099,1
7141,1
48484,1
13505,1
5332,1
5878,1
2167,1
9150,1
6222,1
6649,1
2346,1
887,1
2065,1
1683,1
2536,1
9581,1
2156,1
28224,1
2908,1
3779,1
1767,1
2613,1
9042,1
4899,1
12293,1
34630,1
7403,1
10298,1
2443,1
2688,1
1250,1
17577,1
7756,1
13380,1
4948,1
3146,1
4181,1
3206,1
21669,1
3969,1
3920,1
4628,1
4061,1
1051,1
20465,1
5984,1
3821,1
2628,1
3153,1
28341,1
1832,1
24827,1
1973,1
50953,1
3230,1
29667,1
12990,1
1279,1
20260,1
11592,1
4139,1
3098,1
4695,1
1679,1
17829,1
12157,1
5633,1
33156,1
7221,1
5501,1
9045,1
869,1
4684,1
1831,1
7398,1
2602,1
4708,1
1143,1
2523,1
2703,1
1592,1
10419,1
10659,1
3191,1
8235,1
2539,1
3209,1
8216,1
4477,1
35823,1
44251,1
10121,1
3262,1
6507,1
36616,1
2039,1
3265,1
3692,1
30171,1
36826,1
4696,1
4057,1
4040,1
10940,1
1947,1
8580,1
8676,1
18986,1
6661,1
4441,1
20843,1
2433,1
8660,1
2485,1
5424,1
9700,1
8372,1
4483,1
4282,1
59784,1
7118,1
3616,1
21577,1
2357,1
10204,1
3528,1
4124,1
26249,1
5667,1
7842,1
11802,1
1076,1
6846,1
2382,1
22031,1
12595,1
3149,1
33811,1
3404,1
31015,1
4108,1
8250,1
31191,1
1638,1
12788,1
7561,1
2752,1
10889,1
3001,1
9650,1
4339,1
6439,1
6004,1
5943,1
25206,1
3310,1
2288,1
3081,1
25972,1
30052,1
5666,1
2947,1
2862,1
3790,1
1584,1
15428,1
4966,1
2900,1
8072,1
3267,1
5961,1
7831,1
4485,1
5842,1
12996,1
2367,1
4243,1
28672,1
5330,1
5006,1
40993,1
26143,1
4552,1
3848,1
1728,1
3581,1
3102,1
1247,1
30347,1
59692,1
1191,1
3637,1
1170,1
11998,1
4815,1
13446,1
6315,1
31028,1
7587,1
8978,1
7163,1
18886,1
3082,1
5917,1
9385,1
4231,1
85212,1
3464,1
9167,1
5771,1
8356,1
61950,1
5887,1
4122,1
6430,1
4739,1
3095,1
6793,1
18618,1
16332,1
10492,1
23302,1
4155,1
1964,1
7335,1
1405,1
20801,1
57699,1
2348,1
58007,1
3937,1
6166,1
6917,1
14630,1
1998,1
28270,1
6123,1
8090,1
1029,1
1377,1
1688,1
14591,1
3434,1
3128,1
10539,1
41555,1
1079,1
2293,1
10064,1
5547,1
2933,1
1393,1
2414,1
3618,1
8342,1
81359,1
11331,1
21093,1
3510,1
4618,1
3574,1
39754,1
1770,1
20180,1
3525,1
1488,1
996,1
2827,1
3215,1
1970,1
14582,1
18701,1
3838,1
3744,1
5681,1
2341,1
2605,1
4767,1
21252,1
5938,1
3966,1
2885,1
2856,1
53343,1
47056,1
6707,1
53500,1
78205,1
15299,1
3452,1
19505,1
2906,1
3274,1
2978,1
1987,1
4416,1
98784,1
5611,1
1349,1
2672,1
4822,1
1417,1
4936,1
27831,1
3150,1
6503,1
5405,1
1092,1
5235,1
49071,1
5834,1
28042,1
4750,1
3905,1
31676,1
38559,1
9002,1
1825,1
4272,1
5582,1
4267,1
4166,1
2321,1
5014,1
4233,1
1305,1
41146,1
2739,1
1867,1
5372,1
4812,1
7849,1
4358,1
49869,1
2012,1
1190,1
score,1
47521,1
2552,1
4875,1
2671,1
3873,1
41639,1
2267,1
7425,1
2952,1
5229,1
19395,1
14386,1
1466,1
4526,1
8570,1
3345,1
3426,1
4149,1
4937,1
2311,1
6275,1
3378,1
14615,1
6650,1
16907,1
3818,1
4498,1
1637,1
5792,1
2666,1
20549,1
2197,1
1581,1
4332,1
5905,1
18230,1
10164,1
22554,1
11714,1
8397,1
33806,1
4845,1
4195,1
2595,1
9564,1
26382,1
6310,1
16664,1
57865,1
3950,1
1942,1
3258,1
1117,1
7127,1
32245,1
11656,1
2590,1
1560,1
20703,1
4481,1
9448,1
1503,1
3562,1
25679,1
8521,1
6806,1
20822,1
5635,1
17306,1
37737,1
2846,1
43868,1
18743,1
27873,1
4206,1
2747,1
4354,1
7731,1
7689,1
5046,1
6108,1
1961,1
15213,1
8639,1
2295,1
2100,1
11062,1
2624,1
4682,1
2674,1
5304,1
1318,1
12945,1
12191,1
14512,1
10169,1
1424,1
18869,1
24913,1
2644,1
2127,1
5651,1
4918,1
5661,1
6134,1
2144,1
24558,1
28159,1
3561,1
25620,1
3553,1
6317,1
23073,1
14044,1
1337,1
2758,1
71781,1
3010,1
2470,1
28180,1
12836,1
4998,1
6906,1
2651,1
9632,1
17627,1
4091,1
1224,1
4820,1
3500,1
5004,1
5110,1
4132,1
4142,1
46005,1
25776,1
10726,1
1631,1
5238,1
6884,1
3112,1
6551,1
16860,1
11240,1
2710,1
77937,1
5649,1
2995,1
3952,1
7632,1
56570,1
17702,1
8826,1
5665,1
2469,1
4475,1
48012,1
2468,1
3880,1
6026,1
8842,1
8620,1
2633,1
6466,1
51659,1
43573,1
21942,1
61320,1
19920,1
12689,1
19964,1
1657,1
7423,1
7182,1
1624,1
22451,1
11425,1
7754,1
2431,1
12544,1
2465,1
46264,1
42040,1
9222,1
14920,1
29144,1
57996,1
19158,1
8810,1
3027,1
16847,1
11994,1
1527,1
32851,1
9570,1
4855,1
36143,1
3142,1
15871,1
48431,1
31023,1
5493,1
8239,1
2956,1
19652,1
6610,1
1219,1
2361,1
76799,1
22584,1
2609,1
4015,1
2333,1
8041,1
7389,1
4832,1
5072,1
2622,1
2130,1
16641,1
26760,1
4734,1
4216,1
5241,1
8109,1
2438,1
81485,1
2945,1
43173,1
24508,1
3131,1
7218,1
23627,1
10785,1
3843,1
1270,1
5044,1
65189,1
2092,1
2931,1
38250,1
5588,1
2793,1
7550,1
3982,1
6954,1
6953,1
1833,1
3781,1
4334,1
6455,1
808,1
1320,1
2368,1
8146,1
30789,1
3418,1
2625,1
2202,1
49246,1
4571,1
6934,1
18931,1
5056,1
3344,1
3096,1
3862,1
2411,1
1853,1
3361,1
7671,1
11219,1
51854,1
2818,1
9591,1
4538,1
4125,1
6111,1
4985,1
9593,1
4537,1
8514,1
6321,1
28090,1
10007,1
19066,1
4666,1
12300,1
9316,1
5809,1
7716,1
2183,1
2190,1
5968,1
5478,1
19108,1
3346,1
3151,1
4298,1
4634,1
27261,1
2700,1
21802,1
3534,1
5811,1
2239,1
4300,1
4162,1
3166,1
2531,1
4532,1
5410,1
2200,1
4078,1
1387,1
2617,1
3716,1
32416,1
4482,1
54578,1
74084,1
7316,1
4622,1
2125,1
8911,1
4499,1
19085,1
2456,1
3529,1
4159,1
6694,1
15538,1
13860,1
7820,1
6960,1
9684,1
59841,1
4073,1
2205,1
24111,1
16162,1
6267,1
4226,1
3370,1
5643,1
33262,1
12257,1
4790,1
5849,1
41222,1
4895,1
6159,1
3356,1
4083,1
795,1
14760,1
29055,1
1755,1
1875,1
4941,1
986,1
2821,1
1261,1
2060,1
3917,1
2773,1
4856,1
2895,1
27974,1
3750,1
10662,1
7160,1
4097,1
2825,1
2721,1
1587,1
1240,1
4744,1
43547,1
5275,1
4343,1
34418,1
14777,1
19545,1
2530,1
1820,1
9835,1
7114,1
7658,1
5366,1
4839,1
4319,1
9994,1
6105,1
10128,1
11734,1
2796,1
15380,1
9686,1
26130,1
2242,1
16136,1
30880,1
12943,1
28584,1
2269,1
8479,1
3315,1
2917,1
26807,1
1844,1
865,1
11312,1
1703,1
